[{"id":0, "ell":["verb","root"], "xi":["trafficked"], "properties":{"pos":"5.000000", "lemma":"traffic", "end":"35", "begin":"25"}, "phi":[{"containment":"auxpass", "content":2, "properties":{}, "score":{"type": "ProvPhi", "parent":0,"label":"auxpass","child":2,"id":0}},{"containment":"nsubjpass", "content":1, "properties":{}, "score":{"type": "ProvPhi", "parent":0,"label":"nsubjpass","child":1,"id":0}}], "scores":{"type": "ProvObject","object":0}}, 
{"id":1, "ell":["noun"], "xi":["centre"], "properties":{"pos":"3.000000", "number":"singular", "end":"21", "begin":"15", "specification":"common"}, "phi":[{"containment":"compound", "content":3, "properties":{}, "score":{"type": "ProvPhi", "parent":1,"label":"compound","child":3,"id":0}},{"containment":"compound", "content":4, "properties":{}, "score":{"type": "ProvPhi", "parent":1,"label":"compound","child":4,"id":2}}], "scores":{"type": "ProvObject","object":1}}, 
{"id":2, "ell":["verb"], "xi":["is"], "properties":{"pos":"4.000000", "lemma":"be", "end":"24", "begin":"22"}, "phi":[], "scores":{"type": "ProvObject","object":2}}, 
{"id":3, "ell":["noun"], "xi":["Newcastle"], "properties":{"pos":"1.000000", "number":"singular", "end":"9", "begin":"0", "specification":"proper"}, "phi":[], "scores":{"type": "ProvObject","object":3}}, 
{"id":4, "ell":["noun"], "xi":["city"], "properties":{"pos":"2.000000", "number":"singular", "end":"14", "begin":"10", "specification":"common"}, "phi":[], "scores":{"type": "ProvObject","object":4}}]