[{"id":0, "ell":["verb","root"], "xi":["trafficked"], "properties":{"begin":"25", "end":"35", "lemma":"traffic", "pos":"5.000000"}, "phi":[{"containment":"auxpass", "content":2, "properties":{}, "score":{"type": "ProvPhi", "parent":0,"label":"auxpass","child":2,"id":0}},{"containment":"nsubjpass", "content":1, "properties":{}, "score":{"type": "ProvPhi", "parent":0,"label":"nsubjpass","child":1,"id":0}}], "scores":{"type": "ProvObject","object":0}}, 
{"id":2, "ell":["verb"], "xi":["is"], "properties":{"begin":"22", "end":"24", "lemma":"be", "pos":"4.000000"}, "phi":[], "scores":{"type": "ProvObject","object":2}}, 
{"id":1, "ell":["noun"], "xi":["centre"], "properties":{"specification":"common", "begin":"15", "end":"21", "number":"singular", "pos":"3.000000"}, "phi":[{"containment":"compound", "content":3, "properties":{}, "score":{"type": "ProvPhi", "parent":1,"label":"compound","child":3,"id":0}},{"containment":"compound", "content":4, "properties":{}, "score":{"type": "ProvPhi", "parent":1,"label":"compound","child":4,"id":2}}], "scores":{"type": "ProvObject","object":1}}, 
{"id":3, "ell":["noun"], "xi":["Newcastle"], "properties":{"specification":"proper", "begin":"0", "end":"9", "number":"singular", "pos":"1.000000"}, "phi":[], "scores":{"type": "ProvObject","object":3}}, 
{"id":4, "ell":["noun"], "xi":["city"], "properties":{"specification":"common", "begin":"10", "end":"14", "number":"singular", "pos":"2.000000"}, "phi":[], "scores":{"type": "ProvObject","object":4}}]