[{"id":0, "ell":["noun"], "xi":["traffic"], "properties":{"pos":"3.000000", "number":"singular", "specification":"common"}, "phi":[], "scores":{"type": "ProvObject","object":0}}, 
{"id":1, "ell":["RB"], "xi":["not"], "properties":{"pos":"5.000000"}, "phi":[{"containment":"cc", "content":2, "properties":{}, "score":{"type": "ProvPhi", "parent":1,"label":"cc","child":2,"id":0}},{"containment":"nmod", "content":3, "properties":{}, "score":{"type": "ProvPhi", "parent":1,"label":"nmod","child":3,"id":0}}], "scores":{"type": "ProvObject","object":1}}, 
{"id":2, "ell":["CC"], "xi":["but"], "properties":{"pos":"4.000000"}, "phi":[], "scores":{"type": "ProvObject","object":2}}, 
{"id":3, "ell":["noun"], "xi":["centre"], "properties":{"pos":"10.000000", "number":"singular", "specification":"common"}, "phi":[{"containment":"amod", "content":5, "properties":{}, "score":{"type": "ProvPhi", "parent":3,"label":"amod","child":5,"id":0}},{"containment":"case", "content":7, "properties":{}, "score":{"type": "ProvPhi", "parent":3,"label":"case","child":7,"id":0}},{"containment":"compound", "content":6, "properties":{}, "score":{"type": "ProvPhi", "parent":3,"label":"compound","child":6,"id":0}},{"containment":"det", "content":4, "properties":{}, "score":{"type": "ProvPhi", "parent":3,"label":"det","child":4,"id":0}}], "scores":{"type": "ProvObject","object":3}}, 
{"id":4, "ell":["det"], "xi":["the"], "properties":{"pos":"7.000000"}, "phi":[], "scores":{"type": "ProvObject","object":4}}, 
{"id":5, "ell":["JJ"], "xi":["newcastle"], "properties":{"pos":"8.000000"}, "phi":[], "scores":{"type": "ProvObject","object":5}}, 
{"id":6, "ell":["noun"], "xi":["city"], "properties":{"pos":"9.000000", "number":"singular", "specification":"common"}, "phi":[], "scores":{"type": "ProvObject","object":6}}, 
{"id":7, "ell":["IN"], "xi":["in"], "properties":{"pos":"6.000000"}, "phi":[], "scores":{"type": "ProvObject","object":7}}, 
{"id":8, "ell":["VBZ","root"], "xi":["is"], "properties":{"pos":"2.000000", "lemma":"be"}, "phi":[{"containment":"dep", "content":1, "properties":{}, "score":{"type": "ProvPhi", "parent":8,"label":"dep","child":1,"id":0}},{"containment":"expl", "content":9, "properties":{}, "score":{"type": "ProvPhi", "parent":8,"label":"expl","child":9,"id":0}},{"containment":"nsubj", "content":0, "properties":{}, "score":{"type": "ProvPhi", "parent":8,"label":"nsubj","child":0,"id":0}}], "scores":{"type": "ProvObject","object":8}}, 
{"id":9, "ell":["∃"], "xi":["there"], "properties":{"pos":"1.000000"}, "phi":[], "scores":{"type": "ProvObject","object":9}},
{"id":10, "ell":[], "xi":[], "properties":{}, "phi":[{"containment":"{\"  not \"}", "content":3, "properties":{}, "score":{"type": "ProvPhi", "parent":10,"label":"{\"  not \"}","child":3,"id":0}}], "scores":{"type": "ProvObject","object":10}}]