[{"id":0, "ell":["VBN","root"], "xi":["trafficked"], "properties":{"pos":"5.000000", "lemma":"traffic"}, "phi":[{"containment":"auxpass", "content":2, "properties":{}, "score":{"type": "ProvPhi", "parent":0,"label":"auxpass","child":2,"id":0}},{"containment":"nsubjpass", "content":1, "properties":{}, "score":{"type": "ProvPhi", "parent":0,"label":"nsubjpass","child":1,"id":0}}], "scores":{"type": "ProvObject","object":0}}, 
{"id":1, "ell":["noun"], "xi":["centre"], "properties":{"pos":"3.000000", "number":"singular", "specification":"common"}, "phi":[{"containment":"amod", "content":3, "properties":{}, "score":{"type": "ProvPhi", "parent":1,"label":"amod","child":3,"id":0}},{"containment":"compound", "content":4, "properties":{}, "score":{"type": "ProvPhi", "parent":1,"label":"compound","child":4,"id":0}}], "scores":{"type": "ProvObject","object":1}}, 
{"id":2, "ell":["VBZ"], "xi":["is"], "properties":{"pos":"4.000000", "lemma":"be"}, "phi":[], "scores":{"type": "ProvObject","object":2}}, 
{"id":3, "ell":["JJ"], "xi":["newcastle"], "properties":{"pos":"1.000000"}, "phi":[], "scores":{"type": "ProvObject","object":3}}, 
{"id":4, "ell":["noun"], "xi":["city"], "properties":{"pos":"2.000000", "number":"singular", "specification":"common"}, "phi":[], "scores":{"type": "ProvObject","object":4}},
{"id":5, "ell":[], "xi":[], "properties":{}, "phi":[{"containment":" trafficked", "content":1, "properties":{}, "score":{"type": "ProvPhi", "parent":5,"label":" trafficked","child":1,"id":0}}], "scores":{"type": "ProvObject","object":5}}]