[{"id":0, "ell":["verb"], "xi":["is"], "properties":{"pos":"2.000000", "lemma":"be", "end":"5", "begin":"3"}, "phi":[], "scores":{"type": "ProvObject","object":0}}, 
{"id":1, "ell":["noun"], "xi":["Newcastle"], "properties":{"pos":"5.000000", "number":"singular", "end":"23", "begin":"14", "specification":"proper"}, "phi":[{"containment":"case", "content":3, "properties":{}, "score":{"type": "ProvPhi", "parent":1,"label":"case","child":3,"id":0}},{"containment":"nmod", "content":2, "properties":{}, "score":{"type": "ProvPhi", "parent":1,"label":"nmod","child":2,"id":0}}], "scores":{"type": "ProvObject","object":1}}, 
{"id":2, "ell":["noun"], "xi":["Saturday"], "properties":{"pos":"8.000000", "number":"singular", "end":"37", "begin":"29", "specification":"proper"}, "phi":[{"containment":"case", "content":5, "properties":{}, "score":{"type": "ProvPhi", "parent":2,"label":"case","child":5,"id":0}},{"containment":"det", "content":4, "properties":{}, "score":{"type": "ProvPhi", "parent":2,"label":"det","child":4,"id":0}}], "scores":{"type": "ProvObject","object":2}}, 
{"id":3, "ell":["IN"], "xi":["in"], "properties":{"pos":"4.000000", "end":"13", "begin":"11"}, "phi":[], "scores":{"type": "ProvObject","object":3}}, 
{"id":4, "ell":["det"], "xi":["a"], "properties":{"pos":"7.000000", "end":"28", "begin":"27"}, "phi":[], "scores":{"type": "ProvObject","object":4}}, 
{"id":5, "ell":["IN"], "xi":["on"], "properties":{"pos":"6.000000", "end":"26", "begin":"24"}, "phi":[], "scores":{"type": "ProvObject","object":5}}, 
{"id":6, "ell":["JJ","root"], "xi":["busy"], "properties":{"pos":"3.000000", "end":"10", "begin":"6"}, "phi":[{"containment":"cop", "content":0, "properties":{}, "score":{"type": "ProvPhi", "parent":6,"label":"cop","child":0,"id":0}},{"containment":"nsubj", "content":7, "properties":{}, "score":{"type": "ProvPhi", "parent":6,"label":"nsubj","child":7,"id":0}},{"containment":"obl", "content":1, "properties":{}, "score":{"type": "ProvPhi", "parent":6,"label":"obl","child":1,"id":0}}], "scores":{"type": "ProvObject","object":6}}, 
{"id":7, "ell":["PRP"], "xi":["It"], "properties":{"pos":"1.000000", "lemma":"it", "end":"2", "begin":"0"}, "phi":[], "scores":{"type": "ProvObject","object":7}}]