[{"id":0, "ell":["verb"], "xi":["is"], "properties":{"begin":"3", "end":"5", "lemma":"be", "pos":"2.000000"}, "phi":[], "scores":{"type": "ProvObject","object":0}}, 
{"id":2, "ell":["noun"], "xi":["Saturday"], "properties":{"specification":"proper", "begin":"29", "end":"37", "number":"singular", "pos":"8.000000", "det":"a", "case":"on"}, "phi":[], "scores":{"type": "ProvObject","object":2}}, 
{"id":1, "ell":["noun"], "xi":["Newcastle"], "properties":{"specification":"proper", "begin":"14", "end":"23", "number":"singular", "pos":"5.000000", "case":"in"}, "phi":[{"containment":"nmod", "content":2, "properties":{}, "score":{"type": "ProvPhi", "parent":1,"label":"nmod","child":2,"id":0}}], "scores":{"type": "ProvObject","object":1}}, 
{"id":6, "ell":["JJ","root"], "xi":["busy"], "properties":{"begin":"6", "end":"10", "pos":"3.000000"}, "phi":[{"containment":"cop", "content":0, "properties":{}, "score":{"type": "ProvPhi", "parent":6,"label":"cop","child":0,"id":0}},{"containment":"nsubj", "content":7, "properties":{}, "score":{"type": "ProvPhi", "parent":6,"label":"nsubj","child":7,"id":0}},{"containment":"obl", "content":1, "properties":{}, "score":{"type": "ProvPhi", "parent":6,"label":"obl","child":1,"id":0}}], "scores":{"type": "ProvObject","object":6}}, 
{"id":7, "ell":["PRP"], "xi":["It"], "properties":{"begin":"0", "end":"2", "lemma":"it", "pos":"1.000000"}, "phi":[], "scores":{"type": "ProvObject","object":7}}]