[{"id":0, "ell":["VBZ","root"], "xi":["is"], "properties":{"pos":"2.000000", "lemma":"be"}, "phi":[{"containment":"expl", "content":1, "properties":{}, "score":{"type": "ProvPhi", "parent":0,"label":"expl","child":1,"id":0}},{"containment":"nsubj", "content":2, "properties":{}, "score":{"type": "ProvPhi", "parent":0,"label":"nsubj","child":2,"id":0}}], "scores":{"type": "ProvObject","object":0}}, 
{"id":1, "ell":["∃"], "xi":["there"], "properties":{"pos":"1.000000"}, "phi":[], "scores":{"type": "ProvObject","object":1}}, 
{"id":2, "ell":["noun"], "xi":["traffic"], "properties":{"pos":"4.000000", "number":"singular", "specification":"common"}, "phi":[{"containment":"neg", "content":3, "properties":{}, "score":{"type": "ProvPhi", "parent":2,"label":"neg","child":3,"id":0}},{"containment":"nmod", "content":4, "properties":{}, "score":{"type": "ProvPhi", "parent":2,"label":"nmod","child":4,"id":0}}], "scores":{"type": "ProvObject","object":2}}, 
{"id":3, "ell":["det"], "xi":["no"], "properties":{"pos":"3.000000"}, "phi":[], "scores":{"type": "ProvObject","object":3}}, 
{"id":4, "ell":["noun"], "xi":["centre"], "properties":{"pos":"9.000000", "number":"singular", "specification":"common"}, "phi":[{"containment":"amod", "content":6, "properties":{}, "score":{"type": "ProvPhi", "parent":4,"label":"amod","child":6,"id":0}},{"containment":"case", "content":8, "properties":{}, "score":{"type": "ProvPhi", "parent":4,"label":"case","child":8,"id":0}},{"containment":"compound", "content":7, "properties":{}, "score":{"type": "ProvPhi", "parent":4,"label":"compound","child":7,"id":0}},{"containment":"det", "content":5, "properties":{}, "score":{"type": "ProvPhi", "parent":4,"label":"det","child":5,"id":0}}], "scores":{"type": "ProvObject","object":4}}, 
{"id":5, "ell":["det"], "xi":["the"], "properties":{"pos":"6.000000"}, "phi":[], "scores":{"type": "ProvObject","object":5}}, 
{"id":6, "ell":["JJ"], "xi":["newcastle"], "properties":{"pos":"7.000000"}, "phi":[], "scores":{"type": "ProvObject","object":6}}, 
{"id":7, "ell":["noun"], "xi":["city"], "properties":{"pos":"8.000000", "number":"singular", "specification":"common"}, "phi":[], "scores":{"type": "ProvObject","object":7}}, 
{"id":8, "ell":["IN"], "xi":["in"], "properties":{"pos":"5.000000"}, "phi":[], "scores":{"type": "ProvObject","object":8}}]