[{"id":4, "ell":["noun"], "xi":["centre"], "properties":{"specification":"common", "number":"singular", "pos":"9.000000", "det":"the", "case":"in", "amod":"newcastle"}, "phi":[{"containment":"compound", "content":7, "properties":{}, "score":{"type": "ProvPhi", "parent":4,"label":"compound","child":7,"id":0}}], "scores":{"type": "ProvObject","object":4}}, 
{"id":2, "ell":["noun"], "xi":["traffic"], "properties":{"specification":"common", "number":"singular", "pos":"4.000000"}, "phi":[{"containment":"   is", "content":1, "properties":{}, "score":{"type": "ProvPhi", "parent":2,"label":"   is","child":1,"id":0}},{"containment":"neg", "content":3, "properties":{}, "score":{"type": "ProvPhi", "parent":2,"label":"neg","child":3,"id":0}},{"containment":"nmod", "content":4, "properties":{}, "score":{"type": "ProvPhi", "parent":2,"label":"nmod","child":4,"id":0}}], "scores":{"type": "ProvObject","object":2}}, 
{"id":1, "ell":["∃"], "xi":["there"], "properties":{"pos":"1.000000"}, "phi":[], "scores":{"type": "ProvObject","object":1}}, 
{"id":7, "ell":["noun"], "xi":["city"], "properties":{"specification":"common", "number":"singular", "pos":"8.000000"}, "phi":[], "scores":{"type": "ProvObject","object":7}}, 
{"id":3, "ell":["det"], "xi":["no"], "properties":{"pos":"3.000000"}, "phi":[], "scores":{"type": "ProvObject","object":3}}]