[{"id":0, "ell":["verb","root"], "xi":["flowing"], "properties":{"pos":"6.000000", "lemma":"flow", "end":"32", "begin":"25"}, "phi":[{"containment":"aux", "content":1, "properties":{}, "score":{"type": "ProvPhi", "parent":0,"label":"aux","child":1,"id":0}},{"containment":"nsubj", "content":5, "properties":{}, "score":{"type": "ProvPhi", "parent":0,"label":"nsubj","child":5,"id":0}},{"containment":"obl", "content":2, "properties":{}, "score":{"type": "ProvPhi", "parent":0,"label":"obl","child":2,"id":0}},{"containment":"obl", "content":3, "properties":{}, "score":{"type": "ProvPhi", "parent":0,"label":"obl","child":3,"id":2}},{"containment":"punct", "content":4, "properties":{}, "score":{"type": "ProvPhi", "parent":0,"label":"punct","child":4,"id":0}}], "scores":{"type": "ProvObject","object":0}}, 
{"id":1, "ell":["verb"], "xi":["is"], "properties":{"pos":"5.000000", "lemma":"be", "end":"24", "begin":"22"}, "phi":[], "scores":{"type": "ProvObject","object":1}}, 
{"id":2, "ell":["noun"], "xi":["Saturdays"], "properties":{"pos":"2.000000", "number":"singular", "end":"12", "begin":"3", "specification":"proper"}, "phi":[{"containment":"case", "content":6, "properties":{}, "score":{"type": "ProvPhi", "parent":2,"label":"case","child":6,"id":0}}], "scores":{"type": "ProvObject","object":2}}, 
{"id":3, "ell":["noun"], "xi":["centre"], "properties":{"pos":"10.000000", "number":"singular", "end":"57", "begin":"51", "specification":"common"}, "phi":[{"containment":"case", "content":9, "properties":{}, "score":{"type": "ProvPhi", "parent":3,"label":"case","child":9,"id":0}},{"containment":"compound", "content":7, "properties":{}, "score":{"type": "ProvPhi", "parent":3,"label":"compound","child":7,"id":0}},{"containment":"compound", "content":8, "properties":{}, "score":{"type": "ProvPhi", "parent":3,"label":"compound","child":8,"id":2}}], "scores":{"type": "ProvObject","object":3}}, 
{"id":4, "ell":[","], "xi":[","], "properties":{"pos":"3.000000", "end":"13", "begin":"12"}, "phi":[], "scores":{"type": "ProvObject","object":4}}, 
{"id":5, "ell":["noun"], "xi":["traffic"], "properties":{"pos":"4.000000", "number":"singular", "end":"21", "begin":"14", "specification":"common"}, "phi":[], "scores":{"type": "ProvObject","object":5}}, 
{"id":6, "ell":["IN"], "xi":["On"], "properties":{"pos":"1.000000", "lemma":"on", "end":"2", "begin":"0"}, "phi":[], "scores":{"type": "ProvObject","object":6}}, 
{"id":7, "ell":["noun"], "xi":["Newcastle"], "properties":{"pos":"8.000000", "number":"singular", "end":"45", "begin":"36", "specification":"proper"}, "phi":[], "scores":{"type": "ProvObject","object":7}}, 
{"id":8, "ell":["noun"], "xi":["city"], "properties":{"pos":"9.000000", "number":"singular", "end":"50", "begin":"46", "specification":"common"}, "phi":[], "scores":{"type": "ProvObject","object":8}}, 
{"id":9, "ell":["IN"], "xi":["in"], "properties":{"pos":"7.000000", "end":"35", "begin":"33"}, "phi":[], "scores":{"type": "ProvObject","object":9}},
{"id":10, "ell":["multipleindobj"], "xi":["Saturdays centre"], "properties":{}, "phi":[{"containment":"orig", "content":2, "properties":{}, "score":{"type": "ProvPhi", "parent":10,"label":"orig","child":2,"id":0}},{"containment":"orig", "content":3, "properties":{}, "score":{"type": "ProvPhi", "parent":10,"label":"orig","child":3,"id":2}}], "scores":{"type": "ProvObject","object":10}}]