[{"id":2, "ell":["noun"], "xi":["Saturdays"], "properties":{"specification":"proper", "begin":"3", "end":"12", "number":"singular", "pos":"2.000000", "case":"On"}, "phi":[], "scores":{"type": "ProvObject","object":2}}, 
{"id":3, "ell":["noun"], "xi":["centre"], "properties":{"specification":"common", "begin":"51", "end":"57", "number":"singular", "pos":"10.000000", "case":"in"}, "phi":[{"containment":"compound", "content":7, "properties":{}, "score":{"type": "ProvPhi", "parent":3,"label":"compound","child":7,"id":0}},{"containment":"compound", "content":8, "properties":{}, "score":{"type": "ProvPhi", "parent":3,"label":"compound","child":8,"id":2}}], "scores":{"type": "ProvObject","object":3}}, 
{"id":10, "ell":["multipleindobj"], "xi":["Saturdays centre"], "properties":{}, "phi":[{"containment":"orig", "content":2, "properties":{}, "score":{"type": "ProvPhi", "parent":10,"label":"orig","child":2,"id":0}},{"containment":"orig", "content":3, "properties":{}, "score":{"type": "ProvPhi", "parent":10,"label":"orig","child":3,"id":2}}], "scores":{"type": "ProvObject","object":10}}, 
{"id":5, "ell":["noun"], "xi":["traffic"], "properties":{"specification":"common", "begin":"14", "end":"21", "pos":"4.000000", "number":"singular", "expl":""}, "phi":[{"containment":"  is flowing ", "content":10, "properties":{}, "score":{"type": "ProvPhi", "parent":5,"label":"  is flowing ","child":10,"id":0}},{"containment":"dep", "content":10, "properties":{}, "score":{"type": "ProvPhi", "parent":5,"label":"dep","child":10,"id":0}}], "scores":{"type": "ProvObject","object":5}}, 
{"id":7, "ell":["noun"], "xi":["Newcastle"], "properties":{"specification":"proper", "begin":"36", "end":"45", "number":"singular", "pos":"8.000000"}, "phi":[], "scores":{"type": "ProvObject","object":7}}, 
{"id":8, "ell":["noun"], "xi":["city"], "properties":{"specification":"common", "begin":"46", "end":"50", "number":"singular", "pos":"9.000000"}, "phi":[], "scores":{"type": "ProvObject","object":8}}]