[{"id":0, "ell":["verb","root"], "xi":["flowing"], "properties":{"pos":"10.000000", "lemma":"flow", "end":"57", "begin":"50"}, "phi":[{"containment":"aux", "content":1, "properties":{}, "score":{"type": "ProvPhi", "parent":0,"label":"aux","child":1,"id":0}},{"containment":"nsubj", "content":4, "properties":{}, "score":{"type": "ProvPhi", "parent":0,"label":"nsubj","child":4,"id":0}},{"containment":"obl", "content":2, "properties":{}, "score":{"type": "ProvPhi", "parent":0,"label":"obl","child":2,"id":0}},{"containment":"punct", "content":3, "properties":{}, "score":{"type": "ProvPhi", "parent":0,"label":"punct","child":3,"id":0}}], "scores":{"type": "ProvObject","object":0}}, 
{"id":1, "ell":["verb"], "xi":["is"], "properties":{"pos":"9.000000", "lemma":"be", "end":"49", "begin":"47"}, "phi":[], "scores":{"type": "ProvObject","object":1}}, 
{"id":2, "ell":["noun"], "xi":["center"], "properties":{"pos":"4.000000", "number":"singular", "end":"24", "begin":"18", "specification":"common"}, "phi":[{"containment":"case", "content":8, "properties":{}, "score":{"type": "ProvPhi", "parent":2,"label":"case","child":8,"id":0}},{"containment":"compound", "content":6, "properties":{}, "score":{"type": "ProvPhi", "parent":2,"label":"compound","child":6,"id":0}},{"containment":"compound", "content":7, "properties":{}, "score":{"type": "ProvPhi", "parent":2,"label":"compound","child":7,"id":2}},{"containment":"nmod", "content":5, "properties":{}, "score":{"type": "ProvPhi", "parent":2,"label":"nmod","child":5,"id":0}}], "scores":{"type": "ProvObject","object":2}}, 
{"id":3, "ell":[","], "xi":[","], "properties":{"pos":"7.000000", "end":"38", "begin":"37"}, "phi":[], "scores":{"type": "ProvObject","object":3}}, 
{"id":4, "ell":["noun"], "xi":["traffic"], "properties":{"pos":"8.000000", "number":"singular", "end":"46", "begin":"39", "specification":"common"}, "phi":[], "scores":{"type": "ProvObject","object":4}}, 
{"id":5, "ell":["noun"], "xi":["Saturdays"], "properties":{"pos":"6.000000", "number":"singular", "end":"37", "begin":"28", "specification":"proper"}, "phi":[{"containment":"case", "content":9, "properties":{}, "score":{"type": "ProvPhi", "parent":5,"label":"case","child":9,"id":0}}], "scores":{"type": "ProvObject","object":5}}, 
{"id":6, "ell":["noun"], "xi":["Newcastle"], "properties":{"pos":"2.000000", "number":"singular", "end":"12", "begin":"3", "specification":"proper"}, "phi":[], "scores":{"type": "ProvObject","object":6}}, 
{"id":7, "ell":["noun"], "xi":["city"], "properties":{"pos":"3.000000", "number":"singular", "end":"17", "begin":"13", "specification":"common"}, "phi":[], "scores":{"type": "ProvObject","object":7}}, 
{"id":8, "ell":["IN"], "xi":["In"], "properties":{"pos":"1.000000", "lemma":"in", "end":"2", "begin":"0"}, "phi":[], "scores":{"type": "ProvObject","object":8}}, 
{"id":9, "ell":["IN"], "xi":["on"], "properties":{"pos":"5.000000", "end":"27", "begin":"25"}, "phi":[], "scores":{"type": "ProvObject","object":9}},
{"id":10, "ell":["multipleindobj"], "xi":["center"], "properties":{}, "phi":[{"containment":"orig", "content":2, "properties":{}, "score":{"type": "ProvPhi", "parent":10,"label":"orig","child":2,"id":0}}], "scores":{"type": "ProvObject","object":10}}]