[{"id":5, "ell":["noun"], "xi":["Saturdays"], "properties":{"specification":"proper", "begin":"28", "end":"37", "number":"singular", "pos":"6.000000", "case":"on"}, "phi":[], "scores":{"type": "ProvObject","object":5}}, 
{"id":2, "ell":["noun"], "xi":["center"], "properties":{"specification":"common", "begin":"18", "end":"24", "number":"singular", "pos":"4.000000", "case":"In"}, "phi":[{"containment":"compound", "content":6, "properties":{}, "score":{"type": "ProvPhi", "parent":2,"label":"compound","child":6,"id":0}},{"containment":"compound", "content":7, "properties":{}, "score":{"type": "ProvPhi", "parent":2,"label":"compound","child":7,"id":2}},{"containment":"nmod", "content":5, "properties":{}, "score":{"type": "ProvPhi", "parent":2,"label":"nmod","child":5,"id":0}}], "scores":{"type": "ProvObject","object":2}}, 
{"id":10, "ell":["multipleindobj"], "xi":["center"], "properties":{}, "phi":[{"containment":"orig", "content":2, "properties":{}, "score":{"type": "ProvPhi", "parent":10,"label":"orig","child":2,"id":0}}], "scores":{"type": "ProvObject","object":10}}, 
{"id":4, "ell":["noun"], "xi":["traffic"], "properties":{"specification":"common", "begin":"39", "end":"46", "pos":"8.000000", "number":"singular", "expl":""}, "phi":[{"containment":"  is flowing ", "content":10, "properties":{}, "score":{"type": "ProvPhi", "parent":4,"label":"  is flowing ","child":10,"id":0}},{"containment":"dep", "content":10, "properties":{}, "score":{"type": "ProvPhi", "parent":4,"label":"dep","child":10,"id":0}}], "scores":{"type": "ProvObject","object":4}}, 
{"id":6, "ell":["noun"], "xi":["Newcastle"], "properties":{"specification":"proper", "begin":"3", "end":"12", "number":"singular", "pos":"2.000000"}, "phi":[], "scores":{"type": "ProvObject","object":6}}, 
{"id":7, "ell":["noun"], "xi":["city"], "properties":{"specification":"common", "begin":"13", "end":"17", "number":"singular", "pos":"3.000000"}, "phi":[], "scores":{"type": "ProvObject","object":7}}]