[{"id":0, "ell":["verb","root"], "xi":["is"], "properties":{"pos":"2.000000", "lemma":"be", "end":"8", "begin":"6"}, "phi":[{"containment":"expl", "content":1, "properties":{}, "score":{"type": "ProvPhi", "parent":0,"label":"expl","child":1,"id":0}},{"containment":"nsubj", "content":2, "properties":{}, "score":{"type": "ProvPhi", "parent":0,"label":"nsubj","child":2,"id":0}}], "scores":{"type": "ProvObject","object":0}}, 
{"id":1, "ell":["∃"], "xi":["There"], "properties":{"pos":"1.000000", "lemma":"there", "end":"5", "begin":"0"}, "phi":[], "scores":{"type": "ProvObject","object":1}}, 
{"id":2, "ell":["noun"], "xi":["traffic"], "properties":{"pos":"4.000000", "number":"singular", "end":"19", "begin":"12", "specification":"common"}, "phi":[{"containment":"neg", "content":3, "properties":{}, "score":{"type": "ProvPhi", "parent":2,"label":"neg","child":3,"id":0}},{"containment":"nmod", "content":4, "properties":{}, "score":{"type": "ProvPhi", "parent":2,"label":"nmod","child":4,"id":0}}], "scores":{"type": "ProvObject","object":2}}, 
{"id":3, "ell":["NEG"], "xi":["no"], "properties":{"pos":"3.000000", "end":"11", "begin":"9"}, "phi":[], "scores":{"type": "ProvObject","object":3}}, 
{"id":4, "ell":["noun"], "xi":["centre"], "properties":{"pos":"9.000000", "number":"singular", "end":"48", "begin":"42", "specification":"common"}, "phi":[{"containment":"case", "content":8, "properties":{}, "score":{"type": "ProvPhi", "parent":4,"label":"case","child":8,"id":0}},{"containment":"compound", "content":6, "properties":{}, "score":{"type": "ProvPhi", "parent":4,"label":"compound","child":6,"id":0}},{"containment":"compound", "content":7, "properties":{}, "score":{"type": "ProvPhi", "parent":4,"label":"compound","child":7,"id":2}},{"containment":"det", "content":5, "properties":{}, "score":{"type": "ProvPhi", "parent":4,"label":"det","child":5,"id":0}}], "scores":{"type": "ProvObject","object":4}}, 
{"id":5, "ell":["det"], "xi":["the"], "properties":{"pos":"6.000000", "end":"26", "begin":"23"}, "phi":[], "scores":{"type": "ProvObject","object":5}}, 
{"id":6, "ell":["noun"], "xi":["Newcastle"], "properties":{"pos":"7.000000", "number":"singular", "end":"36", "begin":"27", "specification":"proper"}, "phi":[], "scores":{"type": "ProvObject","object":6}}, 
{"id":7, "ell":["noun"], "xi":["city"], "properties":{"pos":"8.000000", "number":"singular", "end":"41", "begin":"37", "specification":"common"}, "phi":[], "scores":{"type": "ProvObject","object":7}}, 
{"id":8, "ell":["IN"], "xi":["in"], "properties":{"pos":"5.000000", "end":"22", "begin":"20"}, "phi":[], "scores":{"type": "ProvObject","object":8}}]