[{"id":0, "ell":["verb","root"], "xi":["is"], "properties":{"begin":"6", "end":"8", "lemma":"be", "pos":"2.000000"}, "phi":[{"containment":"expl", "content":1, "properties":{}, "score":{"type": "ProvPhi", "parent":0,"label":"expl","child":1,"id":0}},{"containment":"nsubj", "content":2, "properties":{}, "score":{"type": "ProvPhi", "parent":0,"label":"nsubj","child":2,"id":0}}], "scores":{"type": "ProvObject","object":0}}, 
{"id":4, "ell":["noun"], "xi":["centre"], "properties":{"specification":"common", "begin":"42", "end":"48", "number":"singular", "pos":"9.000000", "det":"the", "case":"in"}, "phi":[{"containment":"compound", "content":6, "properties":{}, "score":{"type": "ProvPhi", "parent":4,"label":"compound","child":6,"id":0}},{"containment":"compound", "content":7, "properties":{}, "score":{"type": "ProvPhi", "parent":4,"label":"compound","child":7,"id":2}}], "scores":{"type": "ProvObject","object":4}}, 
{"id":1, "ell":["∃"], "xi":["There"], "properties":{"begin":"0", "end":"5", "lemma":"there", "pos":"1.000000"}, "phi":[], "scores":{"type": "ProvObject","object":1}}, 
{"id":2, "ell":["noun"], "xi":["traffic"], "properties":{"specification":"common", "begin":"12", "end":"19", "number":"singular", "pos":"4.000000"}, "phi":[{"containment":"neg", "content":3, "properties":{}, "score":{"type": "ProvPhi", "parent":2,"label":"neg","child":3,"id":0}},{"containment":"nmod", "content":4, "properties":{}, "score":{"type": "ProvPhi", "parent":2,"label":"nmod","child":4,"id":0}}], "scores":{"type": "ProvObject","object":2}}, 
{"id":6, "ell":["noun"], "xi":["Newcastle"], "properties":{"specification":"proper", "begin":"27", "end":"36", "number":"singular", "pos":"7.000000"}, "phi":[], "scores":{"type": "ProvObject","object":6}}, 
{"id":7, "ell":["noun"], "xi":["city"], "properties":{"specification":"common", "begin":"37", "end":"41", "number":"singular", "pos":"8.000000"}, "phi":[], "scores":{"type": "ProvObject","object":7}}, 
{"id":3, "ell":["NEG"], "xi":["no"], "properties":{"begin":"9", "end":"11", "pos":"3.000000"}, "phi":[], "scores":{"type": "ProvObject","object":3}}]