[{"id":0, "ell":["VBG","root"], "xi":["flowing"], "properties":{"pos":"6.000000", "lemma":"flow"}, "phi":[{"containment":"aux", "content":1, "properties":{}, "score":{"type": "ProvPhi", "parent":0,"label":"aux","child":1,"id":0}},{"containment":"nmod", "content":2, "properties":{}, "score":{"type": "ProvPhi", "parent":0,"label":"nmod","child":2,"id":0}},{"containment":"nsubj", "content":4, "properties":{}, "score":{"type": "ProvPhi", "parent":0,"label":"nsubj","child":4,"id":0}},{"containment":"punct", "content":3, "properties":{}, "score":{"type": "ProvPhi", "parent":0,"label":"punct","child":3,"id":0}}], "scores":{"type": "ProvObject","object":0}}, 
{"id":1, "ell":["VBZ"], "xi":["is"], "properties":{"pos":"5.000000", "lemma":"be"}, "phi":[], "scores":{"type": "ProvObject","object":1}}, 
{"id":2, "ell":["noun"], "xi":["newcastle"], "properties":{"pos":"2.000000", "number":"singular", "specification":"common"}, "phi":[{"containment":"case", "content":5, "properties":{}, "score":{"type": "ProvPhi", "parent":2,"label":"case","child":5,"id":0}}], "scores":{"type": "ProvObject","object":2}}, 
{"id":3, "ell":[","], "xi":[","], "properties":{"pos":"3.000000"}, "phi":[], "scores":{"type": "ProvObject","object":3}}, 
{"id":4, "ell":["noun"], "xi":["traffic"], "properties":{"pos":"4.000000", "number":"singular", "specification":"common"}, "phi":[], "scores":{"type": "ProvObject","object":4}}, 
{"id":5, "ell":["IN"], "xi":["in"], "properties":{"pos":"1.000000"}, "phi":[], "scores":{"type": "ProvObject","object":5}}]