[{"id":0, "ell":["IN"], "xi":["On"], "properties":{"pos":"1.000000", "lemma":"on", "end":"2", "begin":"0"}, "phi":[], "scores":{"type": "ProvObject","object":0}}, 
{"id":1, "ell":[","], "xi":[","], "properties":{"pos":"3.000000", "end":"13", "begin":"12"}, "phi":[], "scores":{"type": "ProvObject","object":1}}, 
{"id":2, "ell":["noun"], "xi":["center"], "properties":{"pos":"6.000000", "number":"singular", "end":"35", "begin":"29", "specification":"common"}, "phi":[{"containment":"compound", "content":3, "properties":{}, "score":{"type": "ProvPhi", "parent":2,"label":"compound","child":3,"id":0}},{"containment":"compound", "content":4, "properties":{}, "score":{"type": "ProvPhi", "parent":2,"label":"compound","child":4,"id":2}}], "scores":{"type": "ProvObject","object":2}}, 
{"id":3, "ell":["noun"], "xi":["Newcastle"], "properties":{"pos":"4.000000", "number":"singular", "end":"23", "begin":"14", "specification":"proper"}, "phi":[], "scores":{"type": "ProvObject","object":3}}, 
{"id":4, "ell":["noun"], "xi":["city"], "properties":{"pos":"5.000000", "number":"singular", "end":"28", "begin":"24", "specification":"common"}, "phi":[], "scores":{"type": "ProvObject","object":4}}, 
{"id":5, "ell":["verb"], "xi":["flowing"], "properties":{"pos":"8.000000", "lemma":"flow", "end":"47", "begin":"40"}, "phi":[{"containment":"obj", "content":6, "properties":{}, "score":{"type": "ProvPhi", "parent":5,"label":"obj","child":6,"id":0}}], "scores":{"type": "ProvObject","object":5}}, 
{"id":6, "ell":["noun"], "xi":["traffic"], "properties":{"pos":"9.000000", "number":"singular", "end":"55", "begin":"48", "specification":"common"}, "phi":[], "scores":{"type": "ProvObject","object":6}}, 
{"id":7, "ell":["verb","root"], "xi":["has"], "properties":{"pos":"7.000000", "lemma":"have", "end":"39", "begin":"36"}, "phi":[{"containment":"nsubj", "content":2, "properties":{}, "score":{"type": "ProvPhi", "parent":7,"label":"nsubj","child":2,"id":0}},{"containment":"obl", "content":8, "properties":{}, "score":{"type": "ProvPhi", "parent":7,"label":"obl","child":8,"id":0}},{"containment":"punct", "content":1, "properties":{}, "score":{"type": "ProvPhi", "parent":7,"label":"punct","child":1,"id":0}},{"containment":"xcomp", "content":5, "properties":{}, "score":{"type": "ProvPhi", "parent":7,"label":"xcomp","child":5,"id":0}}], "scores":{"type": "ProvObject","object":7}}, 
{"id":8, "ell":["noun"], "xi":["Saturdays"], "properties":{"pos":"2.000000", "number":"singular", "end":"12", "begin":"3", "specification":"proper"}, "phi":[{"containment":"case", "content":0, "properties":{}, "score":{"type": "ProvPhi", "parent":8,"label":"case","child":0,"id":0}}], "scores":{"type": "ProvObject","object":8}},
{"id":9, "ell":[], "xi":[], "properties":{}, "phi":[{"containment":"flowing", "content":6, "properties":{}, "score":{"type": "ProvPhi", "parent":9,"label":"flowing","child":6,"id":0}}], "scores":{"type": "ProvObject","object":9}}, 
{"id":10, "ell":["multipleindobj"], "xi":["Saturdays"], "properties":{}, "phi":[{"containment":"orig", "content":8, "properties":{}, "score":{"type": "ProvPhi", "parent":10,"label":"orig","child":8,"id":0}},{"containment":"orig", "content":9, "properties":{}, "score":{"type": "ProvPhi", "parent":10,"label":"orig","child":9,"id":2}}], "scores":{"type": "ProvObject","object":10}}]