[{"id":8, "ell":["noun"], "xi":["Saturdays"], "properties":{"specification":"proper", "begin":"3", "end":"12", "number":"singular", "pos":"2.000000", "case":"On"}, "phi":[], "scores":{"type": "ProvObject","object":8}}, 
{"id":9, "ell":[], "xi":[], "properties":{}, "phi":[{"containment":"flowing", "content":6, "properties":{}, "score":{"type": "ProvPhi", "parent":9,"label":"flowing","child":6,"id":0}}], "scores":{"type": "ProvObject","object":9}}, 
{"id":10, "ell":["multipleindobj"], "xi":["Saturdays"], "properties":{}, "phi":[{"containment":"orig", "content":8, "properties":{}, "score":{"type": "ProvPhi", "parent":10,"label":"orig","child":8,"id":0}},{"containment":"orig", "content":9, "properties":{}, "score":{"type": "ProvPhi", "parent":10,"label":"orig","child":9,"id":2}}], "scores":{"type": "ProvObject","object":10}}, 
{"id":2, "ell":["noun"], "xi":["center"], "properties":{"specification":"common", "begin":"29", "end":"35", "pos":"6.000000", "number":"singular", "expl":""}, "phi":[{"containment":"   has ", "content":10, "properties":{}, "score":{"type": "ProvPhi", "parent":2,"label":"   has ","child":10,"id":0}},{"containment":"compound", "content":3, "properties":{}, "score":{"type": "ProvPhi", "parent":2,"label":"compound","child":3,"id":0}},{"containment":"compound", "content":4, "properties":{}, "score":{"type": "ProvPhi", "parent":2,"label":"compound","child":4,"id":2}},{"containment":"dep", "content":10, "properties":{}, "score":{"type": "ProvPhi", "parent":2,"label":"dep","child":10,"id":0}}], "scores":{"type": "ProvObject","object":2}}, 
{"id":3, "ell":["noun"], "xi":["Newcastle"], "properties":{"specification":"proper", "begin":"14", "end":"23", "number":"singular", "pos":"4.000000"}, "phi":[], "scores":{"type": "ProvObject","object":3}}, 
{"id":4, "ell":["noun"], "xi":["city"], "properties":{"specification":"common", "begin":"24", "end":"28", "number":"singular", "pos":"5.000000"}, "phi":[], "scores":{"type": "ProvObject","object":4}}, 
{"id":6, "ell":["noun"], "xi":["traffic"], "properties":{"specification":"common", "begin":"48", "end":"55", "number":"singular", "pos":"9.000000"}, "phi":[], "scores":{"type": "ProvObject","object":6}}]