[{"id":0, "ell":["noun"], "xi":["city"], "properties":{"pos":"6.000000", "number":"singular", "end":"36", "begin":"32", "specification":"common"}, "phi":[], "scores":{"type": "ProvObject","object":0}}, 
{"id":1, "ell":[","], "xi":[","], "properties":{"pos":"8.000000", "end":"44", "begin":"43"}, "phi":[], "scores":{"type": "ProvObject","object":1}}, 
{"id":2, "ell":["noun"], "xi":["Saturdays"], "properties":{"pos":"10.000000", "number":"singular", "end":"57", "begin":"48", "specification":"proper"}, "phi":[{"containment":"case", "content":3, "properties":{}, "score":{"type": "ProvPhi", "parent":2,"label":"case","child":3,"id":0}}], "scores":{"type": "ProvObject","object":2}}, 
{"id":3, "ell":["IN"], "xi":["on"], "properties":{"pos":"9.000000", "end":"47", "begin":"45"}, "phi":[], "scores":{"type": "ProvObject","object":3}}, 
{"id":4, "ell":["verb","root"], "xi":["flowing"], "properties":{"pos":"3.000000", "lemma":"flow", "end":"18", "begin":"11"}, "phi":[{"containment":"aux", "content":5, "properties":{}, "score":{"type": "ProvPhi", "parent":4,"label":"aux","child":5,"id":0}},{"containment":"nsubj", "content":7, "properties":{}, "score":{"type": "ProvPhi", "parent":4,"label":"nsubj","child":7,"id":0}},{"containment":"obl", "content":2, "properties":{}, "score":{"type": "ProvPhi", "parent":4,"label":"obl","child":2,"id":0}},{"containment":"obl", "content":6, "properties":{}, "score":{"type": "ProvPhi", "parent":4,"label":"obl","child":6,"id":2}},{"containment":"punct", "content":1, "properties":{}, "score":{"type": "ProvPhi", "parent":4,"label":"punct","child":1,"id":0}}], "scores":{"type": "ProvObject","object":4}}, 
{"id":5, "ell":["verb"], "xi":["is"], "properties":{"pos":"2.000000", "lemma":"be", "end":"10", "begin":"8"}, "phi":[], "scores":{"type": "ProvObject","object":5}}, 
{"id":6, "ell":["noun"], "xi":["centre"], "properties":{"pos":"7.000000", "number":"singular", "end":"43", "begin":"37", "specification":"common"}, "phi":[{"containment":"case", "content":9, "properties":{}, "score":{"type": "ProvPhi", "parent":6,"label":"case","child":9,"id":0}},{"containment":"compound", "content":0, "properties":{}, "score":{"type": "ProvPhi", "parent":6,"label":"compound","child":0,"id":0}},{"containment":"compound", "content":8, "properties":{}, "score":{"type": "ProvPhi", "parent":6,"label":"compound","child":8,"id":2}}], "scores":{"type": "ProvObject","object":6}}, 
{"id":7, "ell":["noun"], "xi":["Traffic"], "properties":{"pos":"1.000000", "lemma":"traffic", "number":"singular", "end":"7", "begin":"0", "specification":"common"}, "phi":[], "scores":{"type": "ProvObject","object":7}}, 
{"id":8, "ell":["noun"], "xi":["Newcastle"], "properties":{"pos":"5.000000", "number":"singular", "end":"31", "begin":"22", "specification":"proper"}, "phi":[], "scores":{"type": "ProvObject","object":8}}, 
{"id":9, "ell":["IN"], "xi":["in"], "properties":{"pos":"4.000000", "end":"21", "begin":"19"}, "phi":[], "scores":{"type": "ProvObject","object":9}},
{"id":10, "ell":["multipleindobj"], "xi":["Saturdays centre"], "properties":{}, "phi":[{"containment":"orig", "content":2, "properties":{}, "score":{"type": "ProvPhi", "parent":10,"label":"orig","child":2,"id":0}},{"containment":"orig", "content":6, "properties":{}, "score":{"type": "ProvPhi", "parent":10,"label":"orig","child":6,"id":2}}], "scores":{"type": "ProvObject","object":10}}]