[{"id":0, "ell":["noun"], "xi":["city"], "properties":{"specification":"common", "begin":"32", "end":"36", "number":"singular", "pos":"6.000000"}, "phi":[], "scores":{"type": "ProvObject","object":0}}, 
{"id":2, "ell":["noun"], "xi":["Saturdays"], "properties":{"specification":"proper", "begin":"48", "end":"57", "number":"singular", "pos":"10.000000", "case":"on"}, "phi":[], "scores":{"type": "ProvObject","object":2}}, 
{"id":6, "ell":["noun"], "xi":["centre"], "properties":{"specification":"common", "begin":"37", "end":"43", "number":"singular", "pos":"7.000000", "case":"in"}, "phi":[{"containment":"compound", "content":0, "properties":{}, "score":{"type": "ProvPhi", "parent":6,"label":"compound","child":0,"id":0}},{"containment":"compound", "content":8, "properties":{}, "score":{"type": "ProvPhi", "parent":6,"label":"compound","child":8,"id":2}}], "scores":{"type": "ProvObject","object":6}}, 
{"id":10, "ell":["multipleindobj"], "xi":["Saturdays centre"], "properties":{}, "phi":[{"containment":"orig", "content":2, "properties":{}, "score":{"type": "ProvPhi", "parent":10,"label":"orig","child":2,"id":0}},{"containment":"orig", "content":6, "properties":{}, "score":{"type": "ProvPhi", "parent":10,"label":"orig","child":6,"id":2}}], "scores":{"type": "ProvObject","object":10}}, 
{"id":7, "ell":["noun"], "xi":["Traffic"], "properties":{"specification":"common", "begin":"0", "end":"7", "pos":"1.000000", "number":"singular", "lemma":"traffic", "expl":""}, "phi":[{"containment":"  is flowing ", "content":10, "properties":{}, "score":{"type": "ProvPhi", "parent":7,"label":"  is flowing ","child":10,"id":0}},{"containment":"dep", "content":10, "properties":{}, "score":{"type": "ProvPhi", "parent":7,"label":"dep","child":10,"id":0}}], "scores":{"type": "ProvObject","object":7}}, 
{"id":8, "ell":["noun"], "xi":["Newcastle"], "properties":{"specification":"proper", "begin":"22", "end":"31", "number":"singular", "pos":"5.000000"}, "phi":[], "scores":{"type": "ProvObject","object":8}}]