[{"id":0, "ell":["verb","root"], "xi":["flowing"], "properties":{"pos":"6.000000", "lemma":"flow", "end":"32", "begin":"25"}, "phi":[{"containment":"aux", "content":1, "properties":{}, "score":{"type": "ProvPhi", "parent":0,"label":"aux","child":1,"id":0}},{"containment":"nsubj", "content":4, "properties":{}, "score":{"type": "ProvPhi", "parent":0,"label":"nsubj","child":4,"id":0}},{"containment":"obl", "content":2, "properties":{}, "score":{"type": "ProvPhi", "parent":0,"label":"obl","child":2,"id":0}},{"containment":"punct", "content":3, "properties":{}, "score":{"type": "ProvPhi", "parent":0,"label":"punct","child":3,"id":0}}], "scores":{"type": "ProvObject","object":0}}, 
{"id":1, "ell":["verb"], "xi":["is"], "properties":{"pos":"5.000000", "lemma":"be", "end":"24", "begin":"22"}, "phi":[], "scores":{"type": "ProvObject","object":1}}, 
{"id":2, "ell":["noun"], "xi":["Newcastle"], "properties":{"pos":"2.000000", "number":"singular", "end":"12", "begin":"3", "specification":"proper"}, "phi":[{"containment":"case", "content":5, "properties":{}, "score":{"type": "ProvPhi", "parent":2,"label":"case","child":5,"id":0}}], "scores":{"type": "ProvObject","object":2}}, 
{"id":3, "ell":[","], "xi":[","], "properties":{"pos":"3.000000", "end":"13", "begin":"12"}, "phi":[], "scores":{"type": "ProvObject","object":3}}, 
{"id":4, "ell":["noun"], "xi":["traffic"], "properties":{"pos":"4.000000", "number":"singular", "end":"21", "begin":"14", "specification":"common"}, "phi":[], "scores":{"type": "ProvObject","object":4}}, 
{"id":5, "ell":["IN"], "xi":["In"], "properties":{"pos":"1.000000", "lemma":"in", "end":"2", "begin":"0"}, "phi":[], "scores":{"type": "ProvObject","object":5}}]