[{"id":0, "ell":["verb","root"], "xi":["flowing"], "properties":{"begin":"25", "end":"32", "pos":"6.000000", "lemma":"flow", "punct":","}, "phi":[{"containment":"aux", "content":1, "properties":{}, "score":{"type": "ProvPhi", "parent":0,"label":"aux","child":1,"id":0}},{"containment":"nsubj", "content":4, "properties":{}, "score":{"type": "ProvPhi", "parent":0,"label":"nsubj","child":4,"id":0}},{"containment":"obl", "content":2, "properties":{}, "score":{"type": "ProvPhi", "parent":0,"label":"obl","child":2,"id":0}}], "scores":{"type": "ProvObject","object":0}}, 
{"id":2, "ell":["noun"], "xi":["Newcastle"], "properties":{"specification":"proper", "begin":"3", "end":"12", "number":"singular", "pos":"2.000000", "case":"In"}, "phi":[], "scores":{"type": "ProvObject","object":2}}, 
{"id":1, "ell":["verb"], "xi":["is"], "properties":{"begin":"22", "end":"24", "lemma":"be", "pos":"5.000000"}, "phi":[], "scores":{"type": "ProvObject","object":1}}, 
{"id":4, "ell":["noun"], "xi":["traffic"], "properties":{"specification":"common", "begin":"14", "end":"21", "number":"singular", "pos":"4.000000"}, "phi":[], "scores":{"type": "ProvObject","object":4}}]