[{"id":0, "ell":["noun"], "xi":["traffic"], "properties":{"pos":"3.000000", "number":"singular", "end":"16", "begin":"9", "specification":"common"}, "phi":[], "scores":{"type": "ProvObject","object":0}}, 
{"id":1, "ell":["CC"], "xi":["but"], "properties":{"pos":"4.000000", "end":"20", "begin":"17"}, "phi":[{"containment":"neg", "content":2, "properties":{}, "score":{"type": "ProvPhi", "parent":1,"label":"neg","child":2,"id":0}},{"containment":"obl", "content":3, "properties":{}, "score":{"type": "ProvPhi", "parent":1,"label":"obl","child":3,"id":0}}], "scores":{"type": "ProvObject","object":1}}, 
{"id":2, "ell":["NEG"], "xi":["not"], "properties":{"pos":"5.000000", "end":"24", "begin":"21"}, "phi":[], "scores":{"type": "ProvObject","object":2}}, 
{"id":3, "ell":["noun"], "xi":["centre"], "properties":{"pos":"10.000000", "number":"singular", "end":"53", "begin":"47", "specification":"common"}, "phi":[{"containment":"case", "content":7, "properties":{}, "score":{"type": "ProvPhi", "parent":3,"label":"case","child":7,"id":0}},{"containment":"compound", "content":5, "properties":{}, "score":{"type": "ProvPhi", "parent":3,"label":"compound","child":5,"id":0}},{"containment":"compound", "content":6, "properties":{}, "score":{"type": "ProvPhi", "parent":3,"label":"compound","child":6,"id":2}},{"containment":"det", "content":4, "properties":{}, "score":{"type": "ProvPhi", "parent":3,"label":"det","child":4,"id":0}}], "scores":{"type": "ProvObject","object":3}}, 
{"id":4, "ell":["det"], "xi":["the"], "properties":{"pos":"7.000000", "end":"31", "begin":"28"}, "phi":[], "scores":{"type": "ProvObject","object":4}}, 
{"id":5, "ell":["noun"], "xi":["city"], "properties":{"pos":"9.000000", "number":"singular", "end":"46", "begin":"42", "specification":"common"}, "phi":[], "scores":{"type": "ProvObject","object":5}}, 
{"id":6, "ell":["noun"], "xi":["Newcastle"], "properties":{"pos":"8.000000", "number":"singular", "end":"41", "begin":"32", "specification":"proper"}, "phi":[], "scores":{"type": "ProvObject","object":6}}, 
{"id":7, "ell":["IN"], "xi":["in"], "properties":{"pos":"6.000000", "end":"27", "begin":"25"}, "phi":[], "scores":{"type": "ProvObject","object":7}}, 
{"id":8, "ell":["verb","root"], "xi":["is"], "properties":{"pos":"2.000000", "lemma":"be", "end":"8", "begin":"6"}, "phi":[{"containment":"dep", "content":1, "properties":{}, "score":{"type": "ProvPhi", "parent":8,"label":"dep","child":1,"id":0}},{"containment":"expl", "content":9, "properties":{}, "score":{"type": "ProvPhi", "parent":8,"label":"expl","child":9,"id":0}},{"containment":"nsubj", "content":0, "properties":{}, "score":{"type": "ProvPhi", "parent":8,"label":"nsubj","child":0,"id":0}}], "scores":{"type": "ProvObject","object":8}}, 
{"id":9, "ell":["∃"], "xi":["There"], "properties":{"pos":"1.000000", "lemma":"there", "end":"5", "begin":"0"}, "phi":[], "scores":{"type": "ProvObject","object":9}}]