[{"id":0, "ell":["noun"], "xi":["traffic"], "properties":{"specification":"common", "begin":"9", "end":"16", "number":"singular", "pos":"3.000000"}, "phi":[], "scores":{"type": "ProvObject","object":0}}, 
{"id":3, "ell":["noun"], "xi":["centre"], "properties":{"specification":"common", "begin":"47", "end":"53", "number":"singular", "pos":"10.000000", "det":"the", "case":"in"}, "phi":[{"containment":"compound", "content":5, "properties":{}, "score":{"type": "ProvPhi", "parent":3,"label":"compound","child":5,"id":0}},{"containment":"compound", "content":6, "properties":{}, "score":{"type": "ProvPhi", "parent":3,"label":"compound","child":6,"id":2}}], "scores":{"type": "ProvObject","object":3}}, 
{"id":8, "ell":["verb","root"], "xi":["is"], "properties":{"begin":"6", "end":"8", "pos":"2.000000", "lemma":"be", "dep":"but"}, "phi":[{"containment":"expl", "content":9, "properties":{}, "score":{"type": "ProvPhi", "parent":8,"label":"expl","child":9,"id":0}},{"containment":"nsubj", "content":0, "properties":{}, "score":{"type": "ProvPhi", "parent":8,"label":"nsubj","child":0,"id":0}}], "scores":{"type": "ProvObject","object":8}}, 
{"id":9, "ell":["∃"], "xi":["There"], "properties":{"begin":"0", "end":"5", "lemma":"there", "pos":"1.000000"}, "phi":[], "scores":{"type": "ProvObject","object":9}}, 
{"id":6, "ell":["noun"], "xi":["Newcastle"], "properties":{"specification":"proper", "begin":"32", "end":"41", "number":"singular", "pos":"8.000000"}, "phi":[], "scores":{"type": "ProvObject","object":6}}, 
{"id":5, "ell":["noun"], "xi":["city"], "properties":{"specification":"common", "begin":"42", "end":"46", "number":"singular", "pos":"9.000000"}, "phi":[], "scores":{"type": "ProvObject","object":5}}, 
{"id":2, "ell":["NEG"], "xi":["not"], "properties":{"begin":"21", "end":"24", "pos":"5.000000"}, "phi":[], "scores":{"type": "ProvObject","object":2}}]